time,p0,p1,p2,p3
17:29:44.094000,0.0,0.0,308.0,309.0
17:29:44.102000,0.0,0.0,307.0,308.0
17:29:44.116000,0.0,0.0,299.0,310.0
17:29:44.124000,0.0,0.0,307.0,308.0
17:29:44.132000,0.0,0.0,307.0,299.0
17:29:44.146000,0.0,0.0,308.0,309.0
17:29:44.154000,0.0,0.0,308.0,310.0
17:29:44.162000,0.0,0.0,308.0,309.0
17:29:44.176000,0.0,0.0,308.0,308.0
17:29:44.184000,0.0,0.0,308.0,306.0
17:29:44.192000,0.0,0.0,308.0,307.0
17:29:44.206000,0.0,0.0,309.0,309.0
17:29:44.214000,0.0,0.0,309.0,308.0
17:29:44.222000,0.0,0.0,306.0,306.0
17:29:44.236000,0.0,0.0,307.0,308.0
17:29:44.244000,0.0,0.0,308.0,308.0
17:29:44.252000,0.0,0.0,309.0,309.0
17:29:44.266000,0.0,0.0,307.0,310.0
17:29:44.274000,0.0,0.0,308.0,308.0
17:29:44.282000,0.0,0.0,309.0,298.0
17:29:44.296000,0.0,0.0,308.0,308.0
17:29:44.304000,0.0,0.0,306.0,310.0
17:29:44.312000,0.0,0.0,309.0,308.0
17:29:44.326000,0.0,0.0,307.0,307.0
17:29:44.334000,0.0,0.0,306.0,308.0
17:29:44.342000,0.0,0.0,307.0,308.0
17:29:44.356000,0.0,0.0,305.0,309.0
17:29:44.364000,0.0,0.0,309.0,308.0
17:29:44.372000,0.0,0.0,308.0,310.0
17:29:44.386000,0.0,0.0,310.0,308.0
17:29:44.394000,0.0,0.0,307.0,296.0
17:29:44.402000,0.0,0.0,308.0,308.0
17:29:44.416000,0.0,0.0,307.0,309.0
17:29:44.424000,0.0,0.0,308.0,308.0
17:29:44.432000,0.0,0.0,308.0,308.0
17:29:44.446000,0.0,0.0,308.0,309.0
17:29:44.454000,0.0,0.0,309.0,309.0
17:29:44.462000,0.0,0.0,309.0,308.0
17:29:44.476000,0.0,0.0,308.0,308.0
17:29:44.484000,0.0,0.0,307.0,308.0
17:29:44.492000,0.0,0.0,308.0,309.0
17:29:44.506000,0.0,0.0,308.0,309.0
17:29:44.514000,0.0,0.0,308.0,308.0
17:29:44.522000,0.0,0.0,308.0,308.0
17:29:44.536000,0.0,0.0,309.0,308.0
17:29:44.544000,0.0,0.0,308.0,308.0
17:29:44.552000,0.0,0.0,308.0,308.0
17:29:44.566000,0.0,0.0,307.0,308.0
17:29:44.574000,0.0,0.0,307.0,306.0
17:29:44.582000,0.0,0.0,308.0,308.0
17:29:44.596000,0.0,0.0,306.0,308.0
17:29:44.604000,0.0,0.0,307.0,310.0
17:29:44.612000,0.0,0.0,308.0,308.0
17:29:44.626000,0.0,0.0,307.0,308.0
17:29:44.642000,0.0,0.0,306.0,308.0
17:29:44.656000,0.0,0.0,308.0,308.0
17:29:44.664000,0.0,0.0,308.0,308.0
17:29:44.672000,0.0,0.0,307.0,308.0
17:29:44.686000,0.0,0.0,308.0,308.0
17:29:44.694000,0.0,0.0,308.0,310.0
17:29:44.702000,0.0,0.0,307.0,308.0
17:29:44.716000,0.0,0.0,310.0,308.0
17:29:44.724000,0.0,0.0,308.0,309.0
17:29:44.732000,0.0,0.0,308.0,308.0
17:29:44.746000,0.0,0.0,308.0,307.0
17:29:44.754000,0.0,0.0,307.0,310.0
17:29:44.762000,0.0,0.0,307.0,308.0
17:29:44.776000,0.0,0.0,310.0,310.0
17:29:44.784000,0.0,0.0,308.0,307.0
17:29:44.792000,0.0,0.0,308.0,308.0
17:29:44.806000,0.0,0.0,309.0,309.0
17:29:44.814000,0.0,0.0,308.0,308.0
17:29:44.822000,0.0,0.0,308.0,308.0
17:29:44.836000,0.0,0.0,306.0,308.0
17:29:44.844000,0.0,0.0,308.0,310.0
17:29:44.852000,0.0,0.0,308.0,295.0
17:29:44.866000,0.0,0.0,308.0,310.0
17:29:44.874000,0.0,0.0,307.0,308.0
17:29:44.882000,0.0,0.0,306.0,308.0
17:29:44.896000,0.0,0.0,308.0,308.0
17:29:44.904000,0.0,0.0,307.0,308.0
17:29:44.912000,0.0,0.0,307.0,308.0
17:29:44.926000,0.0,0.0,309.0,308.0
17:29:44.934000,0.0,0.0,307.0,308.0
17:29:44.942000,0.0,0.0,308.0,308.0
17:29:44.956000,0.0,0.0,308.0,308.0
17:29:44.964000,0.0,0.0,307.0,308.0
17:29:44.972000,0.0,0.0,307.0,308.0
17:29:44.986000,0.0,0.0,308.0,308.0
17:29:44.994000,0.0,0.0,307.0,310.0
17:29:45.002000,0.0,0.0,308.0,308.0
17:29:45.016000,0.0,0.0,308.0,308.0
17:29:45.024000,0.0,0.0,305.0,308.0
17:29:45.032000,0.0,0.0,308.0,308.0
17:29:45.046000,0.0,0.0,307.0,306.0
17:29:45.054000,0.0,0.0,310.0,308.0
17:29:45.062000,0.0,0.0,309.0,308.0
17:29:45.076000,0.0,0.0,309.0,307.0
17:29:45.084000,0.0,0.0,306.0,308.0
17:29:45.092000,0.0,0.0,307.0,307.0
17:29:45.106000,0.0,0.0,308.0,310.0
17:29:45.114000,0.0,0.0,308.0,308.0
17:29:45.122000,0.0,0.0,306.0,308.0
17:29:45.136000,0.0,0.0,308.0,308.0
17:29:45.144000,0.0,0.0,307.0,310.0
17:29:45.152000,0.0,0.0,307.0,308.0
17:29:45.166000,0.0,0.0,310.0,309.0
17:29:45.174000,0.0,0.0,306.0,308.0
17:29:45.182000,0.0,0.0,306.0,308.0
17:29:45.196000,0.0,0.0,308.0,308.0
17:29:45.204000,0.0,0.0,306.0,310.0
17:29:45.212000,0.0,0.0,306.0,308.0
17:29:45.226000,0.0,0.0,309.0,308.0
17:29:45.234000,0.0,0.0,306.0,308.0
17:29:45.242000,0.0,0.0,306.0,307.0
17:29:45.256000,0.0,0.0,306.0,309.0
17:29:45.264000,0.0,0.0,307.0,308.0
17:29:45.272000,0.0,0.0,308.0,308.0
17:29:45.286000,0.0,0.0,308.0,308.0
17:29:45.294000,0.0,0.0,306.0,310.0
17:29:45.302000,0.0,0.0,308.0,308.0
17:29:45.316000,0.0,0.0,308.0,308.0
17:29:45.324000,0.0,0.0,307.0,308.0
17:29:45.332000,0.0,0.0,306.0,308.0
17:29:45.346000,0.0,0.0,307.0,308.0
17:29:45.354000,0.0,0.0,309.0,308.0
17:29:45.362000,0.0,0.0,308.0,308.0
17:29:45.376000,0.0,0.0,307.0,308.0
17:29:45.384000,0.0,0.0,308.0,306.0
17:29:45.392000,0.0,0.0,308.0,309.0
17:29:45.406000,0.0,0.0,309.0,308.0
17:29:45.414000,0.0,0.0,307.0,283.0
17:29:45.422000,0.0,0.0,309.0,308.0
17:29:45.436000,0.0,0.0,309.0,308.0
17:29:45.444000,0.0,0.0,308.0,310.0
17:29:45.452000,0.0,0.0,308.0,310.0
17:29:45.466000,0.0,0.0,308.0,306.0
17:29:45.474000,0.0,0.0,308.0,298.0
17:29:45.482000,0.0,0.0,307.0,308.0
17:29:45.496000,0.0,0.0,308.0,308.0
17:29:45.504000,0.0,0.0,307.0,308.0
17:29:45.512000,0.0,0.0,309.0,308.0
17:29:45.526000,0.0,0.0,308.0,308.0
17:29:45.534000,0.0,0.0,308.0,308.0
17:29:45.542000,0.0,0.0,308.0,310.0
17:29:45.556000,0.0,0.0,308.0,310.0
17:29:45.564000,0.0,0.0,308.0,308.0
17:29:45.572000,0.0,0.0,307.0,308.0
17:29:45.586000,0.0,0.0,308.0,308.0
17:29:45.594000,0.0,0.0,308.0,309.0
17:29:45.602000,0.0,0.0,310.0,308.0
17:29:45.616000,0.0,0.0,308.0,308.0
17:29:45.624000,0.0,0.0,308.0,308.0
17:29:45.632000,0.0,0.0,308.0,308.0
17:29:45.646000,0.0,0.0,307.0,308.0
17:29:45.654000,0.0,0.0,308.0,308.0
17:29:45.662000,0.0,0.0,308.0,308.0
17:29:45.676000,0.0,0.0,308.0,308.0
17:29:45.684000,0.0,0.0,309.0,309.0
17:29:45.692000,0.0,0.0,307.0,310.0
17:29:45.706000,0.0,0.0,309.0,308.0
17:29:45.714000,0.0,0.0,307.0,308.0
17:29:45.722000,0.0,0.0,307.0,307.0
17:29:45.736000,0.0,0.0,308.0,308.0
17:29:45.744000,0.0,0.0,308.0,309.0
17:29:45.752000,0.0,0.0,308.0,309.0
17:29:45.766000,0.0,0.0,308.0,308.0
17:29:45.774000,0.0,0.0,308.0,306.0
17:29:45.782000,0.0,0.0,310.0,308.0
17:29:45.796000,0.0,0.0,308.0,308.0
17:29:45.804000,0.0,0.0,307.0,307.0
17:29:45.812000,0.0,0.0,307.0,308.0
17:29:45.826000,0.0,0.0,308.0,308.0
17:29:45.834000,0.0,0.0,308.0,309.0
17:29:45.842000,0.0,0.0,307.0,310.0
17:29:45.856000,0.0,0.0,309.0,309.0
17:29:45.864000,0.0,0.0,299.0,310.0
17:29:45.872000,0.0,0.0,308.0,308.0
17:29:45.886000,0.0,0.0,308.0,308.0
17:29:45.894000,0.0,0.0,307.0,308.0
17:29:45.902000,0.0,0.0,308.0,310.0
17:29:45.916000,0.0,0.0,308.0,309.0
17:29:45.924000,0.0,0.0,307.0,310.0
17:29:45.932000,0.0,0.0,308.0,308.0
17:29:45.946000,0.0,0.0,309.0,308.0
17:29:45.954000,0.0,0.0,308.0,308.0
17:29:45.962000,0.0,0.0,306.0,308.0
17:29:45.976000,0.0,0.0,308.0,310.0
17:29:45.984000,0.0,0.0,308.0,309.0
17:29:45.992000,0.0,0.0,308.0,309.0
17:29:46.006000,0.0,0.0,308.0,308.0
17:29:46.014000,0.0,0.0,307.0,308.0
17:29:46.022000,0.0,0.0,306.0,306.0
17:29:46.036000,0.0,0.0,308.0,308.0
17:29:46.044000,0.0,0.0,307.0,309.0
17:29:46.052000,0.0,0.0,307.0,308.0
17:29:46.066000,0.0,0.0,310.0,309.0
17:29:46.074000,0.0,0.0,308.0,308.0
17:29:46.082000,0.0,0.0,308.0,310.0
17:29:46.096000,0.0,0.0,308.0,309.0
17:29:46.104000,0.0,0.0,309.0,314.0
17:29:46.112000,0.0,0.0,307.0,308.0
17:29:46.126000,0.0,0.0,309.0,309.0
17:29:46.134000,0.0,0.0,308.0,308.0
17:29:46.142000,0.0,0.0,308.0,309.0
17:29:46.156000,0.0,0.0,308.0,310.0
17:29:46.164000,0.0,0.0,307.0,308.0
17:29:46.172000,0.0,0.0,308.0,308.0
17:29:46.186000,0.0,0.0,308.0,308.0
17:29:46.194000,0.0,0.0,308.0,308.0
17:29:46.202000,0.0,0.0,309.0,310.0
17:29:46.216000,0.0,0.0,310.0,308.0
17:29:46.224000,0.0,0.0,306.0,308.0
17:29:46.232000,0.0,0.0,308.0,308.0
17:29:46.246000,0.0,0.0,309.0,308.0
17:29:46.254000,0.0,0.0,306.0,308.0
17:29:46.262000,0.0,0.0,307.0,308.0
17:29:46.276000,0.0,0.0,308.0,311.0
17:29:46.284000,0.0,0.0,307.0,309.0
17:29:46.292000,0.0,0.0,307.0,308.0
17:29:46.306000,0.0,0.0,308.0,310.0
17:29:46.314000,0.0,0.0,307.0,308.0
17:29:46.322000,0.0,0.0,308.0,308.0
17:29:46.336000,0.0,0.0,308.0,308.0
17:29:46.344000,0.0,0.0,307.0,308.0
17:29:46.352000,0.0,0.0,309.0,308.0
17:29:46.366000,0.0,0.0,310.0,308.0
17:29:46.374000,0.0,0.0,308.0,310.0
17:29:46.382000,0.0,0.0,308.0,306.0
17:29:46.396000,0.0,0.0,308.0,309.0
17:29:46.404000,0.0,0.0,306.0,309.0
17:29:46.412000,0.0,0.0,308.0,309.0
17:29:46.426000,0.0,0.0,308.0,310.0
17:29:46.434000,0.0,0.0,306.0,308.0
17:29:46.442000,0.0,0.0,308.0,310.0
17:29:46.456000,0.0,0.0,306.0,309.0
17:29:46.464000,0.0,0.0,306.0,308.0
17:29:46.472000,0.0,0.0,308.0,310.0
17:29:46.486000,0.0,0.0,308.0,309.0
17:29:46.494000,0.0,0.0,308.0,308.0
17:29:46.502000,0.0,0.0,308.0,308.0
17:29:46.516000,0.0,0.0,308.0,308.0
17:29:46.524000,0.0,0.0,307.0,308.0
17:29:46.532000,0.0,0.0,307.0,308.0
17:29:46.546000,0.0,0.0,308.0,309.0
17:29:46.554000,0.0,0.0,308.0,308.0
17:29:46.562000,0.0,0.0,306.0,308.0
17:29:46.576000,0.0,0.0,310.0,310.0
17:29:46.584000,0.0,0.0,306.0,309.0
17:29:46.592000,0.0,0.0,310.0,308.0
17:29:46.606000,0.0,0.0,308.0,308.0
17:29:46.614000,0.0,0.0,308.0,308.0
17:29:46.622000,0.0,0.0,308.0,308.0
17:29:46.636000,0.0,0.0,308.0,309.0
17:29:46.644000,0.0,0.0,306.0,308.0
17:29:46.652000,0.0,0.0,306.0,310.0
17:29:46.666000,0.0,0.0,309.0,308.0
17:29:46.674000,0.0,0.0,306.0,309.0
17:29:46.682000,0.0,0.0,308.0,308.0
17:29:46.696000,0.0,0.0,307.0,310.0
17:29:46.704000,0.0,0.0,308.0,309.0
17:29:46.712000,0.0,0.0,307.0,308.0
17:29:46.726000,0.0,0.0,308.0,308.0
17:29:46.734000,0.0,0.0,306.0,308.0
17:29:46.742000,0.0,0.0,307.0,308.0
17:29:46.756000,0.0,0.0,309.0,310.0
17:29:46.764000,0.0,0.0,308.0,308.0
17:29:46.772000,0.0,0.0,307.0,310.0
17:29:46.786000,0.0,0.0,307.0,310.0
17:29:46.794000,0.0,0.0,308.0,308.0
17:29:46.802000,0.0,0.0,307.0,308.0
17:29:46.816000,0.0,0.0,308.0,310.0
17:29:46.824000,0.0,0.0,308.0,308.0
17:29:46.832000,0.0,0.0,308.0,309.0
17:29:46.846000,0.0,0.0,308.0,310.0
17:29:46.854000,0.0,0.0,308.0,308.0
17:29:46.862000,0.0,0.0,306.0,309.0
17:29:46.876000,0.0,0.0,308.0,309.0
17:29:46.884000,0.0,0.0,309.0,308.0
17:29:46.892000,0.0,0.0,308.0,308.0
17:29:46.906000,0.0,0.0,308.0,308.0
17:29:46.914000,0.0,0.0,308.0,310.0
17:29:46.922000,0.0,0.0,308.0,308.0
17:29:46.936000,0.0,0.0,309.0,309.0
17:29:46.944000,0.0,0.0,308.0,310.0
17:29:46.952000,0.0,0.0,308.0,308.0
17:29:46.966000,0.0,0.0,309.0,307.0
17:29:46.974000,0.0,0.0,308.0,310.0
17:29:46.982000,0.0,0.0,306.0,309.0
17:29:46.996000,0.0,0.0,308.0,309.0
17:29:47.004000,0.0,0.0,307.0,308.0
17:29:47.012000,0.0,0.0,308.0,308.0
17:29:47.026000,0.0,0.0,307.0,308.0
17:29:47.034000,0.0,0.0,308.0,308.0
17:29:47.042000,0.0,0.0,308.0,306.0
17:29:47.056000,0.0,0.0,312.0,310.0
17:29:47.064000,0.0,0.0,308.0,310.0
17:29:47.072000,0.0,0.0,309.0,308.0
17:29:47.086000,0.0,0.0,309.0,309.0
17:29:47.094000,0.0,0.0,307.0,309.0
17:29:47.102000,0.0,0.0,309.0,308.0
17:29:47.116000,0.0,0.0,309.0,310.0
17:29:47.124000,0.0,0.0,308.0,309.0
17:29:47.132000,0.0,0.0,308.0,308.0
17:29:47.146000,0.0,0.0,307.0,310.0
17:29:47.154000,0.0,0.0,307.0,308.0
17:29:47.162000,0.0,0.0,311.0,308.0
17:29:47.176000,0.0,0.0,307.0,309.0
17:29:47.184000,0.0,0.0,306.0,310.0
17:29:47.192000,0.0,0.0,308.0,308.0
17:29:47.206000,0.0,0.0,308.0,308.0
17:29:47.214000,0.0,0.0,308.0,309.0
17:29:47.222000,0.0,0.0,308.0,310.0
17:29:47.236000,0.0,0.0,308.0,309.0
17:29:47.244000,0.0,0.0,306.0,308.0
17:29:47.252000,0.0,0.0,308.0,310.0
17:29:47.266000,0.0,0.0,309.0,309.0
17:29:47.274000,0.0,0.0,308.0,308.0
17:29:47.282000,0.0,0.0,308.0,309.0
17:29:47.296000,0.0,0.0,309.0,310.0
17:29:47.304000,0.0,0.0,308.0,310.0
17:29:47.312000,0.0,0.0,307.0,308.0
